id;ID_Segment;Lenght;distance;angle;Nom;Lat;Long;Rayon
1;T1;;0.000000000000000;110.606911487749684;Matexi Beton-Lemaire;50.6624301700;4.5691180480;50
1;T1;;10.000000000000000;110.606911487749684;Matexi Beton-Lemaire;50.6623983000;4.5692503020;50
1;T1;;20.000000000000000;110.606911487749684;Matexi Beton-Lemaire;50.6623664300;4.5693825560;50
1;T1;;30.000000000000000;110.606911487749684;Matexi Beton-Lemaire;50.6623345600;4.5695148090;50
1;T1;;40.000000000000000;110.606911487749684;Matexi Beton-Lemaire;50.6623026900;4.5696470630;50
1;T1;;50.000000000000000;110.606911487749684;Matexi Beton-Lemaire;50.6622708200;4.5697793160;50
1;T1;;60.000000000000000;110.606911487749684;Matexi Beton-Lemaire;50.6622389600;4.5699115690;50
1;T1;;70.000000000000000;110.606911487749684;Matexi Beton-Lemaire;50.6622070900;4.5700438220;50
1;T1;;80.000000000000000;110.606911487749684;Matexi Beton-Lemaire;50.6621752200;4.5701760740;50
1;T1;;90.000000000000000;110.606911487749684;Matexi Beton-Lemaire;50.6621433500;4.5703083270;50
1;T1;;100.000000000000000;110.606911487749684;Matexi Beton-Lemaire;50.6621114800;4.5704405790;50
1;T1;;110.000000000000000;110.606911487749684;Matexi Beton-Lemaire;50.6620796100;4.5705728310;50
1;T1;;120.000000000000000;110.606911487749684;Matexi Beton-Lemaire;50.6620477400;4.5707050830;50
1;T1;;130.000000000000000;110.606911487749684;Matexi Beton-Lemaire;50.6620158700;4.5708373350;50
1;T1;;140.000000000000000;110.606911487749684;Matexi Beton-Lemaire;50.6619840000;4.5709695860;50
1;T1;;150.000000000000000;110.606911487749684;Matexi Beton-Lemaire;50.6619521300;4.5711018380;50
1;T1;;160.000000000000000;110.606911487749684;Matexi Beton-Lemaire;50.6619202600;4.5712340890;50
1;T1;;170.000000000000000;110.606911487749684;Matexi Beton-Lemaire;50.6618883900;4.5713663400;50
1;T1;;180.000000000000000;110.606911487749684;Matexi Beton-Lemaire;50.6618565200;4.5714985910;50
1;T1;;190.000000000000000;110.606911487749684;Matexi Beton-Lemaire;50.6618246400;4.5716308420;50
1;T1;;200.000000000000000;110.606911487749684;Matexi Beton-Lemaire;50.6617927700;4.5717630920;50
1;T1;;210.000000000000000;110.606911487749684;Matexi Beton-Lemaire;50.6617609000;4.5718953420;50
1;T1;;220.000000000000000;110.606911487749684;Matexi Beton-Lemaire;50.6617290300;4.5720275930;50
1;T1;;230.000000000000000;110.606911487749684;Matexi Beton-Lemaire;50.6616971600;4.5721598420;50
1;T1;;240.000000000000000;135.000000000000000;Matexi Beton-Lemaire;50.6616409400;4.5722672510;50
1;T1;;250.000000000000000;135.000000000000000;Matexi Beton-Lemaire;50.6615771900;4.5723669860;50
1;T1;;260.000000000000000;135.000000000000000;Matexi Beton-Lemaire;50.6615134500;4.5724667210;50
1;T1;;270.000000000000000;135.000000000000000;Matexi Beton-Lemaire;50.6614497100;4.5725664560;50
1;T1;;280.000000000000000;135.000000000000000;Matexi Beton-Lemaire;50.6613859700;4.5726661900;50
1;T1;;290.000000000000000;135.000000000000000;Matexi Beton-Lemaire;50.6613222200;4.5727659240;50
1;T1;;300.000000000000000;135.000000000000000;Matexi Beton-Lemaire;50.6612584800;4.5728656580;50
1;T1;;310.000000000000000;135.000000000000000;Matexi Beton-Lemaire;50.6611947400;4.5729653920;50
2;T2;;0.000000000000000;200.426024763101481;Matexi Beton-Lemaire;50.6620312100;4.5707616320;50
2;T2;;10.000000000000000;200.426024763101481;Matexi Beton-Lemaire;50.6619470500;4.5707119090;50
2;T2;;20.000000000000000;200.426024763101481;Matexi Beton-Lemaire;50.6618628900;4.5706621860;50
2;T2;;30.000000000000000;200.426024763101481;Matexi Beton-Lemaire;50.6617787200;4.5706124630;50
2;T2;;40.000000000000000;200.426024763101481;Matexi Beton-Lemaire;50.6616945600;4.5705627410;50
2;T2;;50.000000000000000;200.426024763101481;Matexi Beton-Lemaire;50.6616104000;4.5705130180;50
2;T2;;60.000000000000000;199.203973505458521;Matexi Beton-Lemaire;50.6615258800;4.5704648440;50
2;T2;;70.000000000000000;199.203973505458521;Matexi Beton-Lemaire;50.6614410700;4.5704179570;50
2;T2;;80.000000000000000;199.203973505458521;Matexi Beton-Lemaire;50.6613562500;4.5703710700;50
2;T2;;90.000000000000000;192.425942865428794;Matexi Beton-Lemaire;50.6612707800;4.5703277800;50
2;T2;;100.000000000000000;192.425942865428794;Matexi Beton-Lemaire;50.6611830400;4.5702969700;50
2;T2;;110.000000000000000;192.425942865428794;Matexi Beton-Lemaire;50.6610953000;4.5702661610;50
2;T2;;120.000000000000000;192.425942865428794;Matexi Beton-Lemaire;50.6610075600;4.5702353510;50
2;T2;;130.000000000000000;192.425942865428794;Matexi Beton-Lemaire;50.6609198200;4.5702045420;50
2;T2;;140.000000000000000;192.425942865428794;Matexi Beton-Lemaire;50.6608320800;4.5701737320;50
2;T2;;150.000000000000000;192.425942865428794;Matexi Beton-Lemaire;50.6607443400;4.5701429230;50
2;T2;;160.000000000000000;192.696980241374547;Matexi Beton-Lemaire;50.6606566800;4.5701115690;50
2;T2;;170.000000000000000;192.696980241374547;Matexi Beton-Lemaire;50.6605690300;4.5700801070;50
2;T2;;180.000000000000000;201.370622269343158;Matexi Beton-Lemaire;50.6604828800;4.5700410260;50
2;T2;;190.000000000000000;201.370622269343158;Matexi Beton-Lemaire;50.6603992500;4.5699891300;50
3;T3;;0.000000000000000;20.250633509276962;Matexi Beton-Lemaire;50.6620328000;4.5707674370;50
3;T3;;10.000000000000000;20.250633509276962;Matexi Beton-Lemaire;50.6621170500;4.5708167540;50
3;T3;;20.000000000000000;20.250633509276962;Matexi Beton-Lemaire;50.6622013100;4.5708660720;50
3;T3;;30.000000000000000;20.250633509276962;Matexi Beton-Lemaire;50.6622855700;4.5709153900;50
3;T3;;40.000000000000000;20.250633509276962;Matexi Beton-Lemaire;50.6623698200;4.5709647080;50
3;T3;;50.000000000000000;20.250633509276962;Matexi Beton-Lemaire;50.6624540800;4.5710140260;50
3;T3;;60.000000000000000;25.841860951410208;Matexi Beton-Lemaire;50.6625356700;4.5710731260;50
3;T3;;70.000000000000000;25.841860951410208;Matexi Beton-Lemaire;50.6626164800;4.5711351260;50
3;T3;;80.000000000000000;25.841860951410208;Matexi Beton-Lemaire;50.6626972800;4.5711971260;50
3;T3;;90.000000000000000;25.841860951410208;Matexi Beton-Lemaire;50.6627780800;4.5712591260;50
3;T3;;100.000000000000000;25.841860951410208;Matexi Beton-Lemaire;50.6628588800;4.5713211260;50
3;T3;;110.000000000000000;25.841860951410208;Matexi Beton-Lemaire;50.6629396800;4.5713831270;50
3;T3;;120.000000000000000;25.841860951410208;Matexi Beton-Lemaire;50.6630204800;4.5714451270;50
3;T3;;130.000000000000000;25.841860951410208;Matexi Beton-Lemaire;50.6631012900;4.5715071280;50
3;T3;;140.000000000000000;25.841860951410208;Matexi Beton-Lemaire;50.6631820900;4.5715691300;50
3;T3;;150.000000000000000;25.841860951410208;Matexi Beton-Lemaire;50.6632628900;4.5716311310;50
3;T3;;160.000000000000000;25.841860951410208;Matexi Beton-Lemaire;50.6633436900;4.5716931320;50
3;T3;;170.000000000000000;25.841860951410208;Matexi Beton-Lemaire;50.6634244900;4.5717551340;50
3;T3;;180.000000000000000;25.841860951410208;Matexi Beton-Lemaire;50.6635052900;4.5718171360;50
3;T3;;190.000000000000000;25.841860951410208;Matexi Beton-Lemaire;50.6635861000;4.5718791390;50
3;T3;;200.000000000000000;25.841860951410208;Matexi Beton-Lemaire;50.6636669000;4.5719411410;50
4;T4;;0.000000000000000;25.625125230962905;Matexi Beton-Lemaire;50.6616924100;4.5721944020;50
4;T4;;10.000000000000000;25.625125230962905;Matexi Beton-Lemaire;50.6617733600;4.5722559210;50
4;T4;;20.000000000000000;25.625125230962905;Matexi Beton-Lemaire;50.6618543100;4.5723174400;50
4;T4;;30.000000000000000;16.587338556937599;Matexi Beton-Lemaire;50.6619371300;4.5723714170;50
4;T4;;40.000000000000000;16.587338556937599;Matexi Beton-Lemaire;50.6620232200;4.5724121670;50
4;T4;;50.000000000000000;12.154941697216685;Matexi Beton-Lemaire;50.6621093500;4.5724526250;50
4;T4;;60.000000000000000;12.154941697216685;Matexi Beton-Lemaire;50.6621971800;4.5724827860;50
4;T4;;70.000000000000000;12.154941697216685;Matexi Beton-Lemaire;50.6622850100;4.5725129470;50
4;T4;;80.000000000000000;12.154941697216685;Matexi Beton-Lemaire;50.6623728500;4.5725431090;50
4;T4;;90.000000000000000;0.000000000000000;Matexi Beton-Lemaire;50.6624624600;4.5725476400;50
4;T4;;100.000000000000000;1.245364266806390;Matexi Beton-Lemaire;50.6625523500;4.5725483330;50
4;T4;;110.000000000000000;1.245364266806390;Matexi Beton-Lemaire;50.6626422300;4.5725517970;50
4;T4;;120.000000000000000;1.245364266806390;Matexi Beton-Lemaire;50.6627321000;4.5725552600;50
4;T4;;130.000000000000000;351.160149953073926;Matexi Beton-Lemaire;50.6628210600;4.5725362070;50
4;T4;;140.000000000000000;351.160149953073926;Matexi Beton-Lemaire;50.6629099300;4.5725148560;50
4;T4;;150.000000000000000;341.757709919239574;Matexi Beton-Lemaire;50.6629983600;4.5724906190;50
5;T5;;0.000000000000000;212.005383208083487;Matexi Beton-Lemaire;50.6616920700;4.5721940250;50
5;T5;;10.000000000000000;212.005383208083487;Matexi Beton-Lemaire;50.6616159700;4.5721187350;50
5;T5;;20.000000000000000;216.027373385103630;Matexi Beton-Lemaire;50.6615405800;4.5720417790;50
5;T5;;30.000000000000000;216.027373385103630;Matexi Beton-Lemaire;50.6614680200;4.5719582760;50
5;T5;;40.000000000000000;216.027373385103630;Matexi Beton-Lemaire;50.6613954600;4.5718747740;50
5;T5;;50.000000000000000;225.359950867842457;Matexi Beton-Lemaire;50.6613287600;4.5717806250;50
5;T5;;60.000000000000000;225.359950867842457;Matexi Beton-Lemaire;50.6612657600;4.5716797170;50
5;T5;;70.000000000000000;226.245364266773578;Matexi Beton-Lemaire;50.6612029000;4.5715786170;50
5;T5;;80.000000000000000;226.245364266773578;Matexi Beton-Lemaire;50.6611409000;4.5714761890;50
5;T5;;90.000000000000000;226.245364266773578;Matexi Beton-Lemaire;50.6610789100;4.5713737620;50
5;T5;;100.000000000000000;226.832994529777721;Matexi Beton-Lemaire;50.6610173600;4.5712706750;50
5;T5;;110.000000000000000;226.832994529777721;Matexi Beton-Lemaire;50.6609560400;4.5711672540;50
5;T5;;120.000000000000000;226.832994529777721;Matexi Beton-Lemaire;50.6608947200;4.5710638330;50
5;T5;;130.000000000000000;224.708317050336973;Matexi Beton-Lemaire;50.6608320500;4.5709624570;50
5;T5;;140.000000000000000;224.708317050336973;Matexi Beton-Lemaire;50.6607683300;4.5708626840;50
5;T5;;150.000000000000000;224.708317050336973;Matexi Beton-Lemaire;50.6607046100;4.5707629120;50
5;T5;;160.000000000000000;224.708317050336973;Matexi Beton-Lemaire;50.6606408900;4.5706631390;50
5;T5;;170.000000000000000;224.052699405379457;Matexi Beton-Lemaire;50.6605765700;4.5705643330;50
5;T5;;180.000000000000000;227.489552921972745;Matexi Beton-Lemaire;50.6605158000;4.5704601290;50
5;T5;;190.000000000000000;227.489552921972745;Matexi Beton-Lemaire;50.6604552300;4.5703556110;50
5;T5;;200.000000000000000;227.489552921972745;Matexi Beton-Lemaire;50.6603946700;4.5702510930;50
5;T5;;210.000000000000000;227.489552921972745;Matexi Beton-Lemaire;50.6603341000;4.5701465750;50
6;T6;;0.000000000000000;19.334808537869154;Matexi Beton-Lemaire;50.6624321300;4.5691124820;50
6;T6;;10.000000000000000;19.334808537869154;Matexi Beton-Lemaire;50.6625168800;4.5691596720;50
7;T7;;0.000000000000000;199.045034091057204;Matexi Beton-Lemaire;50.6624298200;4.5691124720;50
7;T7;;10.000000000000000;199.045034091057204;Matexi Beton-Lemaire;50.6623449200;4.5690659580;50
8;T8;;0.000000000000000;20.449547610823721;Matexi Beton-Lemaire;50.6623322500;4.5695257050;50
8;T8;;10.000000000000000;20.449547610823721;Matexi Beton-Lemaire;50.6624163900;4.5695754800;50
9;T9;;0.000000000000000;198.435712920792469;Matexi Beton-Lemaire;50.6623322500;4.5695257050;50
9;T9;;10.000000000000000;198.435712920792469;Matexi Beton-Lemaire;50.6622470400;4.5694806120;50
9;T9;;0.000000000000000;17.818888914599647;Matexi Beton-Lemaire;50.6625971600;4.5718241240;50
9;T9;;10.000000000000000;289.653824058058433;Matexi Beton-Lemaire;50.6626804100;4.5718605160;50
9;T9;;20.000000000000000;289.653824058058433;Matexi Beton-Lemaire;50.6627108800;4.5717274470;50
9;T9;;30.000000000000000;289.653824058058433;Matexi Beton-Lemaire;50.6627413500;4.5715943790;50
9;T9;;40.000000000000000;289.653824058058433;Matexi Beton-Lemaire;50.6627718200;4.5714613100;50
9;T9;;50.000000000000000;289.653824058058433;Matexi Beton-Lemaire;50.6628022900;4.5713282400;50
10;;;0.000000000000000;109.536654938185109;Matexi Beton-Lemaire;50.6618958300;4.5705944370;50
10;;;10.000000000000000;109.536654938185109;Matexi Beton-Lemaire;50.6618655400;4.5707276020;50
11;;;0.000000000000000;107.878696595860617;Matexi Beton-Lemaire;50.6622881700;4.5708451440;50
11;;;10.000000000000000;107.878696595860617;Matexi Beton-Lemaire;50.6622603300;4.5709796330;50
12;;;0.000000000000000;112.109448343768818;Matexi Beton-Lemaire;50.6627302400;4.5711467960;50
12;;;10.000000000000000;112.109448343768818;Matexi Beton-Lemaire;50.6626961800;4.5712776890;50
12;;;0.000000000000000;107.818888914434098;Matexi Beton-Lemaire;50.6619633000;4.5722456460;50
13;;;0.000000000000000;106.260204708385601;Matexi Beton-Lemaire;50.6620099100;4.5724118620;50
13;;;0.000000000000000;137.602562202526173;Matexi Beton-Lemaire;50.6615155500;4.5718425110;50
13;;;10.000000000000000;137.602562202526173;Matexi Beton-Lemaire;50.6614489900;4.5719375900;50
14;;;0.000000000000000;137.121096396586722;Matexi Beton-Lemaire;50.6611852200;4.5713338280;50
14;;;10.000000000000000;137.121096396586722;Matexi Beton-Lemaire;50.6611191700;4.5714297840;50
15;;;0.000000000000000;109.440034828184068;Matexi Beton-Lemaire;50.6616235400;4.5704180330;50
15;;;10.000000000000000;109.440034828184068;Matexi Beton-Lemaire;50.6615933900;4.5705512770;50
1;T1;204;0.000000000000000;221.889436173182446;Matexi Sainte-Anne;50.7227761500;4.6001260460;50
1;T1;204;10.000000000000000;221.889436173182446;Matexi Sainte-Anne;50.7227094200;4.6000311580;50
1;T1;204;20.000000000000000;221.889436173182446;Matexi Sainte-Anne;50.7226426800;4.5999362710;50
1;T1;204;30.000000000000000;221.889436173182446;Matexi Sainte-Anne;50.7225759500;4.5998413830;50
1;T1;204;40.000000000000000;221.889436173182446;Matexi Sainte-Anne;50.7225092100;4.5997464960;50
1;T1;204;50.000000000000000;221.889436173182446;Matexi Sainte-Anne;50.7224424800;4.5996516090;50
1;T1;204;60.000000000000000;221.889436173182446;Matexi Sainte-Anne;50.7223757400;4.5995567230;50
1;T1;204;70.000000000000000;221.889436173182446;Matexi Sainte-Anne;50.7223090000;4.5994618360;50
1;T1;204;80.000000000000000;221.889436173182446;Matexi Sainte-Anne;50.7222422700;4.5993669500;50
1;T1;204;90.000000000000000;221.889436173182446;Matexi Sainte-Anne;50.7221755300;4.5992720650;50
1;T1;204;100.000000000000000;221.889436173182446;Matexi Sainte-Anne;50.7221088000;4.5991771790;50
1;T1;204;110.000000000000000;221.889436173182446;Matexi Sainte-Anne;50.7220420600;4.5990822940;50
1;T1;204;120.000000000000000;259.380344723806672;Matexi Sainte-Anne;50.7219863000;4.5989777520;50
1;T1;204;130.000000000000000;296.565051177077976;Matexi Sainte-Anne;50.7219782300;4.5988403350;50
1;T1;204;140.000000000000000;313.011612854685779;Matexi Sainte-Anne;50.7220272900;4.5987233440;50
1;T1;204;150.000000000000000;313.011612854685779;Matexi Sainte-Anne;50.7220888200;4.5986200920;50
1;T1;204;160.000000000000000;313.011612854685779;Matexi Sainte-Anne;50.7221503400;4.5985168390;50
1;T1;204;170.000000000000000;313.011612854685779;Matexi Sainte-Anne;50.7222118700;4.5984135860;50
1;T1;204;180.000000000000000;313.011612854685779;Matexi Sainte-Anne;50.7222734000;4.5983103320;50
1;T1;204;190.000000000000000;313.011612854685779;Matexi Sainte-Anne;50.7223349300;4.5982070790;50
1;T1;204;200.000000000000000;313.011612854685779;Matexi Sainte-Anne;50.7223964500;4.5981038250;50
2;T2;112;0.000000000000000;14.796762245061551;Matexi Sainte-Anne;50.7224181900;4.5980676800;50
2;T2;112;10.000000000000000;14.796762245061551;Matexi Sainte-Anne;50.7225050300;4.5981042720;50
2;T2;112;20.000000000000000;14.796762245061551;Matexi Sainte-Anne;50.7225918800;4.5981408650;50
2;T2;112;30.000000000000000;14.796762245061551;Matexi Sainte-Anne;50.7226787200;4.5981774570;50
2;T2;112;40.000000000000000;14.796762245061551;Matexi Sainte-Anne;50.7227655700;4.5982140500;50
2;T2;112;50.000000000000000;14.796762245061551;Matexi Sainte-Anne;50.7228524100;4.5982506430;50
2;T2;112;60.000000000000000;14.796762245061551;Matexi Sainte-Anne;50.7229392600;4.5982872360;50
2;T2;112;70.000000000000000;14.796762245061551;Matexi Sainte-Anne;50.7230261000;4.5983238290;50
2;T2;112;80.000000000000000;306.869897645860931;Matexi Sainte-Anne;50.7230875800;4.5982443070;50
2;T2;112;90.000000000000000;306.869897645860931;Matexi Sainte-Anne;50.7231417500;4.5981312740;50
2;T2;112;100.000000000000000;306.869897645860931;Matexi Sainte-Anne;50.7231959100;4.5980182410;50
2;T2;112;110.000000000000000;306.869897645860931;Matexi Sainte-Anne;50.7232500700;4.5979052070;50
3;T3;394;0.000000000000000;198.131091630510724;Matexi Sainte-Anne;50.7224183600;4.5980673150;50
3;T3;394;10.000000000000000;198.131091630510724;Matexi Sainte-Anne;50.7223330200;4.5980228280;50
3;T3;394;20.000000000000000;198.131091630510724;Matexi Sainte-Anne;50.7222476700;4.5979783410;50
3;T3;394;30.000000000000000;198.131091630510724;Matexi Sainte-Anne;50.7221623200;4.5979338540;50
3;T3;394;40.000000000000000;198.131091630510724;Matexi Sainte-Anne;50.7220769700;4.5978893670;50
3;T3;394;50.000000000000000;198.131091630510724;Matexi Sainte-Anne;50.7219916300;4.5978448800;50
3;T3;394;60.000000000000000;198.131091630510724;Matexi Sainte-Anne;50.7219062800;4.5978003940;50
3;T3;394;70.000000000000000;198.131091630510724;Matexi Sainte-Anne;50.7218209300;4.5977559070;50
3;T3;394;80.000000000000000;198.131091630510724;Matexi Sainte-Anne;50.7217355900;4.5977114210;50
3;T3;394;90.000000000000000;198.131091630510724;Matexi Sainte-Anne;50.7216502400;4.5976669350;50
3;T3;394;100.000000000000000;198.131091630510724;Matexi Sainte-Anne;50.7215648900;4.5976224490;50
3;T3;394;110.000000000000000;198.131091630510724;Matexi Sainte-Anne;50.7214795400;4.5975779630;50
3;T3;394;120.000000000000000;198.131091630510724;Matexi Sainte-Anne;50.7213942000;4.5975334780;50
3;T3;394;130.000000000000000;198.131091630510724;Matexi Sainte-Anne;50.7213088500;4.5974889920;50
3;T3;394;140.000000000000000;198.131091630510724;Matexi Sainte-Anne;50.7212235000;4.5974445070;50
3;T3;394;150.000000000000000;198.131091630510724;Matexi Sainte-Anne;50.7211381500;4.5974000220;50
3;T3;394;160.000000000000000;198.131091630510724;Matexi Sainte-Anne;50.7210528100;4.5973555370;50
3;T3;394;170.000000000000000;221.522213480206148;Matexi Sainte-Anne;50.7209803000;4.5972760180;50
3;T3;394;180.000000000000000;221.522213480206148;Matexi Sainte-Anne;50.7209131800;4.5971818130;50
3;T3;394;190.000000000000000;221.522213480206148;Matexi Sainte-Anne;50.7208460600;4.5970876090;50
3;T3;394;200.000000000000000;221.522213480206148;Matexi Sainte-Anne;50.7207789300;4.5969934050;50
3;T3;394;210.000000000000000;221.522213480206148;Matexi Sainte-Anne;50.7207118100;4.5968992010;50
3;T3;394;220.000000000000000;221.522213480206148;Matexi Sainte-Anne;50.7206446900;4.5968049980;50
3;T3;394;230.000000000000000;221.522213480206148;Matexi Sainte-Anne;50.7205775700;4.5967107950;50
3;T3;394;240.000000000000000;221.522213480206148;Matexi Sainte-Anne;50.7205104400;4.5966165920;50
3;T3;394;250.000000000000000;314.818109247504538;Matexi Sainte-Anne;50.7204767700;4.5965208680;50
3;T3;394;260.000000000000000;314.818109247504538;Matexi Sainte-Anne;50.7205403300;4.5964207230;50
3;T3;394;270.000000000000000;314.818109247504538;Matexi Sainte-Anne;50.7206039000;4.5963205770;50
3;T3;394;280.000000000000000;314.818109247504538;Matexi Sainte-Anne;50.7206674600;4.5962204310;50
3;T3;394;290.000000000000000;314.818109247504538;Matexi Sainte-Anne;50.7207310200;4.5961202840;50
3;T3;394;300.000000000000000;314.818109247504538;Matexi Sainte-Anne;50.7207945800;4.5960201380;50
3;T3;394;310.000000000000000;314.818109247504538;Matexi Sainte-Anne;50.7208581400;4.5959199910;50
3;T3;394;320.000000000000000;314.818109247504538;Matexi Sainte-Anne;50.7209217000;4.5958198440;50
3;T3;394;330.000000000000000;314.818109247504538;Matexi Sainte-Anne;50.7209852600;4.5957196960;50
3;T3;394;340.000000000000000;314.818109247504538;Matexi Sainte-Anne;50.7210488200;4.5956195490;50
3;T3;394;350.000000000000000;314.818109247504538;Matexi Sainte-Anne;50.7211123800;4.5955194010;50
3;T3;394;360.000000000000000;314.818109247504538;Matexi Sainte-Anne;50.7211759400;4.5954192530;50
3;T3;394;370.000000000000000;314.818109247504538;Matexi Sainte-Anne;50.7212395000;4.5953191040;50
3;T3;394;380.000000000000000;314.818109247504538;Matexi Sainte-Anne;50.7213030600;4.5952189550;50
3;T3;394;390.000000000000000;314.818109247504538;Matexi Sainte-Anne;50.7213666200;4.5951188060;50
4;T4;234;0.000000000000000;46.494333591252769;Matexi Sainte-Anne;50.7213992900;4.5950673950;50
4;T4;234;10.000000000000000;46.494333591252769;Matexi Sainte-Anne;50.7214609800;4.5951704070;50
4;T4;234;20.000000000000000;46.494333591252769;Matexi Sainte-Anne;50.7215226700;4.5952734200;50
4;T4;234;30.000000000000000;46.494333591252769;Matexi Sainte-Anne;50.7215843500;4.5953764330;50
4;T4;234;40.000000000000000;46.494333591252769;Matexi Sainte-Anne;50.7216460400;4.5954794470;50
4;T4;234;50.000000000000000;46.494333591252769;Matexi Sainte-Anne;50.7217077300;4.5955824600;50
4;T4;234;60.000000000000000;8.575232639836782;Matexi Sainte-Anne;50.7217868100;4.5956333230;50
4;T4;234;70.000000000000000;8.575232639836782;Matexi Sainte-Anne;50.7218756600;4.5956548690;50
4;T4;234;80.000000000000000;8.575232639836782;Matexi Sainte-Anne;50.7219645100;4.5956764140;50
4;T4;234;90.000000000000000;8.575232639836782;Matexi Sainte-Anne;50.7220533600;4.5956979600;50
4;T4;234;100.000000000000000;8.575232639836782;Matexi Sainte-Anne;50.7221422100;4.5957195050;50
4;T4;234;110.000000000000000;8.575232639836782;Matexi Sainte-Anne;50.7222310600;4.5957410510;50
4;T4;234;120.000000000000000;8.575232639836782;Matexi Sainte-Anne;50.7223199200;4.5957625970;50
4;T4;234;130.000000000000000;8.575232639836782;Matexi Sainte-Anne;50.7224087700;4.5957841420;50
4;T4;234;140.000000000000000;15.461217740453607;Matexi Sainte-Anne;50.7224970600;4.5958097460;50
4;T4;234;150.000000000000000;15.461217740453607;Matexi Sainte-Anne;50.7225836300;4.5958479180;50
4;T4;234;160.000000000000000;15.461217740453607;Matexi Sainte-Anne;50.7226702000;4.5958860910;50
4;T4;234;170.000000000000000;15.461217740453607;Matexi Sainte-Anne;50.7227567700;4.5959242630;50
4;T4;234;180.000000000000000;15.461217740453607;Matexi Sainte-Anne;50.7228433500;4.5959624360;50
4;T4;234;190.000000000000000;15.461217740453607;Matexi Sainte-Anne;50.7229299200;4.5960006090;50
4;T4;234;200.000000000000000;15.461217740453607;Matexi Sainte-Anne;50.7230164900;4.5960387820;50
4;T4;234;210.000000000000000;15.461217740453607;Matexi Sainte-Anne;50.7231030600;4.5960769550;50
4;T4;234;220.000000000000000;15.461217740453607;Matexi Sainte-Anne;50.7231896300;4.5961151280;50
4;T4;234;230.000000000000000;15.461217740453607;Matexi Sainte-Anne;50.7232762000;4.5961533010;50
5;T5;125;0.000000000000000;314.157475739267227;Matexi Sainte-Anne;50.7213992900;4.5950673950;50
5;T5;125;10.000000000000000;314.157475739267227;Matexi Sainte-Anne;50.7214621100;4.5949660970;50
5;T5;125;20.000000000000000;314.157475739267227;Matexi Sainte-Anne;50.7215249300;4.5948648000;50
5;T5;125;30.000000000000000;314.157475739267227;Matexi Sainte-Anne;50.7215877600;4.5947635020;50
5;T5;125;40.000000000000000;314.157475739267227;Matexi Sainte-Anne;50.7216505800;4.5946622040;50
5;T5;125;50.000000000000000;314.157475739267227;Matexi Sainte-Anne;50.7217134000;4.5945609060;50
5;T5;125;60.000000000000000;314.157475739267227;Matexi Sainte-Anne;50.7217762200;4.5944596070;50
5;T5;125;70.000000000000000;311.987212495844631;Matexi Sainte-Anne;50.7218374000;4.5943558720;50
5;T5;125;80.000000000000000;300.068582821930704;Matexi Sainte-Anne;50.7218526100;4.5942307250;50
5;T5;125;90.000000000000000;300.068582821930704;Matexi Sainte-Anne;50.7218978900;4.5941083820;50
5;T5;125;100.000000000000000;257.592581472560596;Matexi Sainte-Anne;50.7218884800;4.5939723880;50
5;T5;125;110.000000000000000;257.592581472560596;Matexi Sainte-Anne;50.7218694300;4.5938339860;50
5;T5;125;120.000000000000000;257.592581472560596;Matexi Sainte-Anne;50.7218503900;4.5936955850;50
6;T6;195;0.000000000000000;63.434948822922010;Matexi Sainte-Anne;50.7218541500;4.5943463130;50
6;T6;195;10.000000000000000;6.340191746049460;Matexi Sainte-Anne;50.7219273900;4.5943984800;50
6;T6;195;20.000000000000000;328.206217292517977;Matexi Sainte-Anne;50.7220054400;4.5943348510;50
6;T6;195;30.000000000000000;14.732326166775602;Matexi Sainte-Anne;50.7220915800;4.5943454140;50
6;T6;195;40.000000000000000;14.732326166775602;Matexi Sainte-Anne;50.7221784500;4.5943818460;50
6;T6;195;50.000000000000000;14.732326166775602;Matexi Sainte-Anne;50.7222653300;4.5944182770;50
6;T6;195;60.000000000000000;14.732326166775602;Matexi Sainte-Anne;50.7223522000;4.5944547090;50
6;T6;195;70.000000000000000;14.732326166775602;Matexi Sainte-Anne;50.7224390700;4.5944911400;50
6;T6;195;80.000000000000000;14.732326166775602;Matexi Sainte-Anne;50.7225259400;4.5945275720;50
6;T6;195;90.000000000000000;14.732326166775602;Matexi Sainte-Anne;50.7226128200;4.5945640040;50
6;T6;195;100.000000000000000;14.732326166775602;Matexi Sainte-Anne;50.7226996900;4.5946004360;50
6;T6;195;110.000000000000000;14.732326166775602;Matexi Sainte-Anne;50.7227865600;4.5946368680;50
6;T6;195;120.000000000000000;14.732326166775602;Matexi Sainte-Anne;50.7228734300;4.5946733000;50
6;T6;195;130.000000000000000;14.732326166775602;Matexi Sainte-Anne;50.7229603100;4.5947097330;50
6;T6;195;140.000000000000000;14.732326166775602;Matexi Sainte-Anne;50.7230471800;4.5947461660;50
6;T6;195;150.000000000000000;14.732326166775602;Matexi Sainte-Anne;50.7231340500;4.5947825980;50
6;T6;195;160.000000000000000;14.732326166775602;Matexi Sainte-Anne;50.7232209200;4.5948190310;50
6;T6;195;170.000000000000000;14.732326166775602;Matexi Sainte-Anne;50.7233078000;4.5948554640;50
6;T6;195;180.000000000000000;14.732326166775602;Matexi Sainte-Anne;50.7233946700;4.5948918970;50
6;T6;195;190.000000000000000;14.732326166775602;Matexi Sainte-Anne;50.7234815400;4.5949283300;50
7;T7;201;0.000000000000000;132.137594773928129;Matexi Sainte-Anne;50.7227812800;4.6001382540;50
7;T7;201;10.000000000000000;132.137594773928129;Matexi Sainte-Anne;50.7227207600;4.6002429730;50
7;T7;201;20.000000000000000;42.508984984983520;Matexi Sainte-Anne;50.7227078400;4.6003444210;50
7;T7;201;30.000000000000000;42.508984984983520;Matexi Sainte-Anne;50.7227739200;4.6004404400;50
7;T7;201;40.000000000000000;42.508984984983520;Matexi Sainte-Anne;50.7228400000;4.6005364600;50
7;T7;201;50.000000000000000;42.508984984983520;Matexi Sainte-Anne;50.7229060800;4.6006324800;50
7;T7;201;60.000000000000000;42.508984984983520;Matexi Sainte-Anne;50.7229721600;4.6007285000;50
7;T7;201;70.000000000000000;42.508984984983520;Matexi Sainte-Anne;50.7230382400;4.6008245210;50
7;T7;201;80.000000000000000;42.508984984983520;Matexi Sainte-Anne;50.7231043200;4.6009205420;50
7;T7;201;90.000000000000000;0.000000000000000;Matexi Sainte-Anne;50.7231717300;4.6010112060;50
7;T7;201;100.000000000000000;0.000000000000000;Matexi Sainte-Anne;50.7232616300;4.6010116500;50
7;T7;201;110.000000000000000;36.027373385103608;Matexi Sainte-Anne;50.7233475900;4.6010309760;50
7;T7;201;120.000000000000000;36.027373385103608;Matexi Sainte-Anne;50.7234201200;4.6011146330;50
7;T7;201;130.000000000000000;63.434948822878255;Matexi Sainte-Anne;50.7234876500;4.6012049300;50
7;T7;201;140.000000000000000;63.434948822878255;Matexi Sainte-Anne;50.7235276000;4.6013317990;50
7;T7;201;150.000000000000000;90.000000000000000;Matexi Sainte-Anne;50.7235494700;4.6014652980;50
7;T7;201;160.000000000000000;90.000000000000000;Matexi Sainte-Anne;50.7235491900;4.6016069200;50
7;T7;201;170.000000000000000;5.534637362023242;Matexi Sainte-Anne;50.7235635300;4.6017277550;50
7;T7;201;180.000000000000000;357.527889650975851;Matexi Sainte-Anne;50.7236531800;4.6017314660;50
7;T7;201;190.000000000000000;357.527889650975851;Matexi Sainte-Anne;50.7237430100;4.6017258020;50
7;T7;201;200.000000000000000;357.527889650975851;Matexi Sainte-Anne;50.7238328400;4.6017201390;50
8;T8;;;;Matexi Sainte-Anne;;;50
9;T9;;;;Matexi Sainte-Anne;;;50